{
    "GUI.py": 1647657822.9152665,
    "test.py": 1647657822.945273,
    "train.py": 1647657822.9562755,
    "components\\Generator.py": 1647657822.93127,
    "components\\projected_discriminator.py": 1647657822.938272,
    "components\\pg_modules\\blocks.py": 1647657822.9362714,
    "components\\pg_modules\\diffaug.py": 1647657822.9362714,
    "components\\pg_modules\\discriminator.py": 1647657822.937271,
    "components\\pg_modules\\networks_fastgan.py": 1647657822.937271,
    "components\\pg_modules\\networks_stylegan2.py": 1647657822.937271,
    "components\\pg_modules\\projector.py": 1647657822.938272,
    "data_tools\\data_loader.py": 1647657822.9392715,
    "data_tools\\data_loader_condition.py": 1647657822.9402719,
    "data_tools\\data_loader_VGGFace2HQ.py": 1647657822.9392715,
    "data_tools\\StyleResize.py": 1647657822.9392715,
    "data_tools\\test_dataloader_dir.py": 1647657822.941272,
    "losses\\PerceptualLoss.py": 1647657822.9432724,
    "losses\\SliceWassersteinDistance.py": 1647657822.9432724,
    "models\\arcface_models.py": 1647657822.9442725,
    "models\\config.py": 1647657822.9442725,
    "models\\__init__.py": 1647657822.9442725,
    "test_scripts\\tester_common.py": 1647657822.9472733,
    "test_scripts\\tester_FastNST.py": 1634041357.607633,
    "train_scripts\\trainer_base.py": 1647657822.9582758,
    "train_scripts\\trainer_FM.py": 1647657822.957276,
    "train_scripts\\trainer_naiv512.py": 1647657822.9602764,
    "utilities\\checkpoint_manager.py": 1647657822.9652774,
    "utilities\\figure.py": 1647657822.9652774,
    "utilities\\json_config.py": 1647657822.9652774,
    "utilities\\learningrate_scheduler.py": 1647657822.9652774,
    "utilities\\logo_class.py": 1647657822.9662776,
    "utilities\\plot.py": 1647657822.9662776,
    "utilities\\reporter.py": 1647657822.9662776,
    "utilities\\save_heatmap.py": 1647657822.967278,
    "utilities\\sshupload.py": 1647657822.967278,
    "utilities\\transfer_checkpoint.py": 1647657822.967278,
    "utilities\\utilities.py": 1647657822.9682784,
    "utilities\\yaml_config.py": 1647657822.9682784,
    "train_yamls\\train_512FM.yaml": 1647657822.961277,
    "train_scripts\\trainer_2layer_FM.py": 1647657822.957276,
    "train_yamls\\train_2layer_FM.yaml": 1647657822.961277,
    "components\\Generator_reduce.py": 1647657822.934271,
    "insightface_func\\face_detect_crop_multi.py": 1643796928.6362474,
    "insightface_func\\face_detect_crop_single.py": 1638370471.7967434,
    "insightface_func\\__init__.py": 1624197300.011183,
    "insightface_func\\utils\\face_align_ffhqandnewarc.py": 1638370471.850638,
    "losses\\PatchNCE.py": 1647677173.0239084,
    "parsing_model\\model.py": 1626745709.554252,
    "parsing_model\\resnet.py": 1626745709.554252,
    "test_scripts\\tester_common copy.py": 1647657822.9472733,
    "test_scripts\\tester_video.py": 1647657822.9482737,
    "train_scripts\\trainer_cycleloss.py": 1647657822.9592762,
    "train_scripts\\trainer_GramFM.py": 1647657822.9582758,
    "utilities\\ImagenetNorm.py": 1647657822.9642777,
    "utilities\\reverse2original.py": 1647657822.9662776,
    "train_yamls\\train_cycleloss.yaml": 1647700399.7641768,
    "train_yamls\\train_GramFM.yaml": 1647657822.9622767,
    "train_yamls\\train_512FM_Modulation.yaml": 1647657822.961277,
    "face_crop.py": 1647657822.9422722,
    "face_crop_video.py": 1647657822.9422722,
    "similarity.py": 1647657822.945273,
    "train_multigpu.py": 1647700474.445049,
    "components\\arcface_decoder.py": 1647657822.9352713,
    "components\\Generator_nobias.py": 1643179001.810856,
    "data_tools\\data_loader_VGGFace2HQ_multigpu.py": 1647657822.9402719,
    "data_tools\\data_loader_VGGFace2HQ_Rec.py": 1647657822.9392715,
    "test_scripts\\tester_arcface_Rec.py": 1647657822.946273,
    "test_scripts\\tester_image.py": 1647657822.9472733,
    "torch_utils\\custom_ops.py": 1647657822.9482737,
    "torch_utils\\misc.py": 1647657822.9492736,
    "torch_utils\\persistence.py": 1647657822.9552753,
    "torch_utils\\training_stats.py": 1647657822.9562755,
    "torch_utils\\utils_spectrum.py": 1647657822.9562755,
    "torch_utils\\__init__.py": 1647657822.9482737,
    "torch_utils\\ops\\bias_act.py": 1647657822.9502747,
    "torch_utils\\ops\\conv2d_gradfix.py": 1647657822.9512744,
    "torch_utils\\ops\\conv2d_resample.py": 1647657822.9512744,
    "torch_utils\\ops\\filtered_lrelu.py": 1647657822.9532747,
    "torch_utils\\ops\\fma.py": 1647657822.9532747,
    "torch_utils\\ops\\grid_sample_gradfix.py": 1647657822.9542756,
    "torch_utils\\ops\\upfirdn2d.py": 1647657822.9552753,
    "torch_utils\\ops\\__init__.py": 1647657822.9492736,
    "train_scripts\\trainer_arcface_rec.py": 1647657822.9582758,
    "train_scripts\\trainer_multigpu_base.py": 1647657822.9602764,
    "train_scripts\\trainer_multi_gpu.py": 1647657822.9592762,
    "train_yamls\\train_arcface_rec.yaml": 1647657822.9622767,
    "train_yamls\\train_multigpu.yaml": 1647657822.963277,
    "wandb\\run-20220129_032741-340btp9k\\files\\conda-environment.yaml": 1643398065.409959,
    "wandb\\run-20220129_032741-340btp9k\\files\\config.yaml": 1643398069.2392955,
    "wandb\\run-20220129_032939-2nmaozxq\\files\\conda-environment.yaml": 1643398182.647548,
    "wandb\\run-20220129_032939-2nmaozxq\\files\\config.yaml": 1643398186.3626983,
    "wandb\\run-20220129_033051-21z19tyg\\files\\conda-environment.yaml": 1643398254.9293146,
    "wandb\\run-20220129_033051-21z19tyg\\files\\config.yaml": 1643398259.2274177,
    "wandb\\run-20220129_033202-16la4gpu\\files\\conda-environment.yaml": 1643398325.8794518,
    "wandb\\run-20220129_033202-16la4gpu\\files\\config.yaml": 1643398324.9487782,
    "wandb\\run-20220129_034327-1bmseytq\\files\\conda-environment.yaml": 1643399010.865907,
    "wandb\\run-20220129_034327-1bmseytq\\files\\config.yaml": 1643399148.0268817,
    "wandb\\run-20220129_034859-2puk6sph\\files\\conda-environment.yaml": 1643399343.3508356,
    "wandb\\run-20220129_034859-2puk6sph\\files\\config.yaml": 1643399477.881678,
    "wandb\\run-20220129_035624-3hmwgcgw\\files\\conda-environment.yaml": 1643399787.8899708,
    "wandb\\run-20220129_035624-3hmwgcgw\\files\\config.yaml": 1643426465.6088357,
    "dnnlib\\util.py": 1647657822.941272,
    "dnnlib\\__init__.py": 1647657822.941272,
    "components\\Generator_ori.py": 1647657822.9332705,
    "losses\\cos.py": 1647657822.9442725,
    "data_tools\\data_loader_VGGFace2HQ_multigpu1.py": 1647657822.9402719,
    "speed_test.py": 1647657822.945273,
    "components\\DeConv_Invo.py": 1647657822.9302697,
    "components\\Generator_reduce_up.py": 1644688655.2096283,
    "components\\Generator_upsample.py": 1647657822.9352713,
    "components\\misc\\Involution.py": 1647657822.9352713,
    "train_yamls\\train_Invoup.yaml": 1647657822.9622767,
    "flops.py": 1647657822.9422722,
    "detection_test.py": 1647657822.941272,
    "components\\DeConv_Depthwise.py": 1647657822.9292698,
    "components\\DeConv_Depthwise1.py": 1647657822.9292698,
    "components\\Generator_modulation_depthwise.py": 1644861291.4467516,
    "components\\Generator_modulation_depthwise_config.py": 1647657822.93227,
    "components\\Generator_modulation_up.py": 1647657822.9332705,
    "components\\Generator_oriae_modulation.py": 1647657822.934271,
    "components\\Generator_ori_config.py": 1647657822.934271,
    "train_scripts\\trainer_multi_gpu1.py": 1647657822.9602764,
    "train_yamls\\train_Depthwise.yaml": 1647657822.961277,
    "train_yamls\\train_depthwise_modulation.yaml": 1647657822.963277,
    "train_yamls\\train_oriae_modulation.yaml": 1647657822.9642777,
    "train_distillation_mgpu.py": 1647657822.9562755,
    "components\\DeConv.py": 1647657822.9292698,
    "components\\DeConv_Depthwise_ECA.py": 1647657822.9292698,
    "components\\ECA.py": 1647657822.9302697,
    "components\\ECA_Depthwise_Conv.py": 1647657822.93127,
    "components\\Generator_eca_depthwise.py": 1647657822.93227,
    "losses\\KA.py": 1647657822.9432724,