{
    "GUI.py": 1642351532.4558506,
    "test.py": 1642733759.8015468,
    "train.py": 1643009568.7253726,
    "components\\Generator.py": 1642347735.351465,
    "components\\projected_discriminator.py": 1642348101.4661522,
    "components\\pg_modules\\blocks.py": 1640773190.0,
    "components\\pg_modules\\diffaug.py": 1640773190.0,
    "components\\pg_modules\\discriminator.py": 1642349784.9407308,
    "components\\pg_modules\\networks_fastgan.py": 1640773190.0,
    "components\\pg_modules\\networks_stylegan2.py": 1640773190.0,
    "components\\pg_modules\\projector.py": 1642349764.3896568,
    "data_tools\\data_loader.py": 1611123530.660446,
    "data_tools\\data_loader_condition.py": 1625411562.8217106,
    "data_tools\\data_loader_VGGFace2HQ.py": 1642349144.749807,
    "data_tools\\StyleResize.py": 1624954084.7176485,
    "data_tools\\test_dataloader_dir.py": 1634041792.6743984,
    "losses\\PerceptualLoss.py": 1615020169.668723,
    "losses\\SliceWassersteinDistance.py": 1634022704.6082795,
    "models\\arcface_models.py": 1642390690.623,
    "models\\config.py": 1632643596.2908099,
    "models\\__init__.py": 1642390864.8828168,
    "test_scripts\\tester_common.py": 1625369535.199175,
    "test_scripts\\tester_FastNST.py": 1634041357.607633,
    "train_scripts\\trainer_base.py": 1642396105.3868554,
    "train_scripts\\trainer_FM.py": 1642826710.3532298,
    "train_scripts\\trainer_naiv512.py": 1642315674.9740853,
    "utilities\\checkpoint_manager.py": 1611123530.6624403,
    "utilities\\figure.py": 1611123530.6634378,
    "utilities\\json_config.py": 1611123530.6614666,
    "utilities\\learningrate_scheduler.py": 1611123530.675422,
    "utilities\\logo_class.py": 1633883995.3093486,
    "utilities\\plot.py": 1641911100.7995758,
    "utilities\\reporter.py": 1625413813.7213495,
    "utilities\\save_heatmap.py": 1611123530.679439,
    "utilities\\sshupload.py": 1611123530.6624403,
    "utilities\\transfer_checkpoint.py": 1642397157.0163105,
    "utilities\\utilities.py": 1634019485.0783668,
    "utilities\\yaml_config.py": 1611123530.6614666,
    "train_yamls\\train_512FM.yaml": 1642412254.0831068,
    "train_scripts\\trainer_2layer_FM.py": 1642826548.2530458,
    "train_yamls\\train_2layer_FM.yaml": 1642411635.5534878,
    "components\\Generator_reduce.py": 1642690262.572149,
    "insightface_func\\face_detect_crop_multi.py": 1638370471.789609,
    "insightface_func\\face_detect_crop_single.py": 1638370471.7967434,
    "insightface_func\\__init__.py": 1624197300.011183,
    "insightface_func\\utils\\face_align_ffhqandnewarc.py": 1638370471.850638,
    "losses\\PatchNCE.py": 1642989384.9713614,
    "parsing_model\\model.py": 1626745709.554252,
    "parsing_model\\resnet.py": 1626745709.554252,
    "test_scripts\\tester_common copy.py": 1625369535.199175,
    "test_scripts\\tester_video.py": 1642734397.3307388,
    "train_scripts\\trainer_cycleloss.py": 1642580463.495596,
    "train_scripts\\trainer_GramFM.py": 1643010471.1077821,
    "utilities\\ImagenetNorm.py": 1642732910.5280058,
    "utilities\\reverse2original.py": 1642733688.7976837,
    "train_yamls\\train_cycleloss.yaml": 1642577741.345273,
    "train_yamls\\train_GramFM.yaml": 1643011210.82505
}