{
    "GUI.py": 1642351532.4558506,
    "test.py": 1643529962.5602193,
    "train.py": 1643397924.974299,
    "components\\Generator.py": 1642347735.351465,
    "components\\projected_discriminator.py": 1642348101.4661522,
    "components\\pg_modules\\blocks.py": 1640773190.0,
    "components\\pg_modules\\diffaug.py": 1640773190.0,
    "components\\pg_modules\\discriminator.py": 1642349784.9407308,
    "components\\pg_modules\\networks_fastgan.py": 1640773190.0,
    "components\\pg_modules\\networks_stylegan2.py": 1640773190.0,
    "components\\pg_modules\\projector.py": 1642349764.3896568,
    "data_tools\\data_loader.py": 1611123530.660446,
    "data_tools\\data_loader_condition.py": 1625411562.8217106,
    "data_tools\\data_loader_VGGFace2HQ.py": 1644234949.3769877,
    "data_tools\\StyleResize.py": 1624954084.7176485,
    "data_tools\\test_dataloader_dir.py": 1634041792.6743984,
    "losses\\PerceptualLoss.py": 1615020169.668723,
    "losses\\SliceWassersteinDistance.py": 1634022704.6082795,
    "models\\arcface_models.py": 1642390690.623,
    "models\\config.py": 1632643596.2908099,
    "models\\__init__.py": 1642390864.8828168,
    "test_scripts\\tester_common.py": 1625369535.199175,
    "test_scripts\\tester_FastNST.py": 1634041357.607633,
    "train_scripts\\trainer_base.py": 1642396105.3868554,
    "train_scripts\\trainer_FM.py": 1643021959.3577182,
    "train_scripts\\trainer_naiv512.py": 1642315674.9740853,
    "utilities\\checkpoint_manager.py": 1611123530.6624403,
    "utilities\\figure.py": 1611123530.6634378,
    "utilities\\json_config.py": 1611123530.6614666,
    "utilities\\learningrate_scheduler.py": 1611123530.675422,
    "utilities\\logo_class.py": 1633883995.3093486,
    "utilities\\plot.py": 1641911100.7995758,
    "utilities\\reporter.py": 1625413813.7213495,
    "utilities\\save_heatmap.py": 1611123530.679439,
    "utilities\\sshupload.py": 1611123530.6624403,
    "utilities\\transfer_checkpoint.py": 1642397157.0163105,
    "utilities\\utilities.py": 1634019485.0783668,
    "utilities\\yaml_config.py": 1611123530.6614666,
    "train_yamls\\train_512FM.yaml": 1643021615.8106658,
    "train_scripts\\trainer_2layer_FM.py": 1642826548.2530458,
    "train_yamls\\train_2layer_FM.yaml": 1642411635.5534878,
    "components\\Generator_reduce.py": 1643021243.6658802,
    "insightface_func\\face_detect_crop_multi.py": 1643796928.6362474,
    "insightface_func\\face_detect_crop_single.py": 1638370471.7967434,
    "insightface_func\\__init__.py": 1624197300.011183,
    "insightface_func\\utils\\face_align_ffhqandnewarc.py": 1638370471.850638,
    "losses\\PatchNCE.py": 1642989384.9713614,
    "parsing_model\\model.py": 1626745709.554252,
    "parsing_model\\resnet.py": 1626745709.554252,
    "test_scripts\\tester_common copy.py": 1625369535.199175,
    "test_scripts\\tester_video.py": 1642734397.3307388,
    "train_scripts\\trainer_cycleloss.py": 1642580463.495596,
    "train_scripts\\trainer_GramFM.py": 1643095575.2628715,
    "utilities\\ImagenetNorm.py": 1642732910.5280058,
    "utilities\\reverse2original.py": 1642733688.7976837,
    "train_yamls\\train_cycleloss.yaml": 1642577741.345273,
    "train_yamls\\train_GramFM.yaml": 1643398791.363959,
    "train_yamls\\train_512FM_Modulation.yaml": 1643022022.3165789,
    "face_crop.py": 1643789609.1834445,
    "face_crop_video.py": 1643815024.5516832,
    "similarity.py": 1643269705.1073737,
    "train_multigpu.py": 1644331842.3490777,
    "components\\arcface_decoder.py": 1643396144.2575414,
    "components\\Generator_nobias.py": 1643179001.810856,
    "data_tools\\data_loader_VGGFace2HQ_multigpu.py": 1644330414.9587426,
    "data_tools\\data_loader_VGGFace2HQ_Rec.py": 1643398754.86898,
    "test_scripts\\tester_arcface_Rec.py": 1643431261.9333818,
    "test_scripts\\tester_image.py": 1643428951.5532105,
    "torch_utils\\custom_ops.py": 1640773190.0,
    "torch_utils\\misc.py": 1640773190.0,
    "torch_utils\\persistence.py": 1640773190.0,
    "torch_utils\\training_stats.py": 1640773190.0,
    "torch_utils\\utils_spectrum.py": 1640773190.0,
    "torch_utils\\__init__.py": 1640773190.0,
    "torch_utils\\ops\\bias_act.py": 1640773190.0,
    "torch_utils\\ops\\conv2d_gradfix.py": 1640773190.0,
    "torch_utils\\ops\\conv2d_resample.py": 1640773190.0,
    "torch_utils\\ops\\filtered_lrelu.py": 1640773190.0,
    "torch_utils\\ops\\fma.py": 1640773190.0,
    "torch_utils\\ops\\grid_sample_gradfix.py": 1640773190.0,
    "torch_utils\\ops\\upfirdn2d.py": 1640773190.0,
    "torch_utils\\ops\\__init__.py": 1640773190.0,
    "train_scripts\\trainer_arcface_rec.py": 1643399647.0182135,
    "train_scripts\\trainer_multigpu_base.py": 1644131205.772292,
    "train_scripts\\trainer_multi_gpu.py": 1644331738.7729652,
    "train_yamls\\train_arcface_rec.yaml": 1643398807.3434353,
    "train_yamls\\train_multigpu.yaml": 1644331809.0680442,
    "wandb\\run-20220129_032741-340btp9k\\files\\conda-environment.yaml": 1643398065.409959,
    "wandb\\run-20220129_032741-340btp9k\\files\\config.yaml": 1643398069.2392955,
    "wandb\\run-20220129_032939-2nmaozxq\\files\\conda-environment.yaml": 1643398182.647548,
    "wandb\\run-20220129_032939-2nmaozxq\\files\\config.yaml": 1643398186.3626983,
    "wandb\\run-20220129_033051-21z19tyg\\files\\conda-environment.yaml": 1643398254.9293146,
    "wandb\\run-20220129_033051-21z19tyg\\files\\config.yaml": 1643398259.2274177,
    "wandb\\run-20220129_033202-16la4gpu\\files\\conda-environment.yaml": 1643398325.8794518,
    "wandb\\run-20220129_033202-16la4gpu\\files\\config.yaml": 1643398324.9487782,
    "wandb\\run-20220129_034327-1bmseytq\\files\\conda-environment.yaml": 1643399010.865907,
    "wandb\\run-20220129_034327-1bmseytq\\files\\config.yaml": 1643399148.0268817,
    "wandb\\run-20220129_034859-2puk6sph\\files\\conda-environment.yaml": 1643399343.3508356,
    "wandb\\run-20220129_034859-2puk6sph\\files\\config.yaml": 1643399477.881678,
    "wandb\\run-20220129_035624-3hmwgcgw\\files\\conda-environment.yaml": 1643399787.8899708,
    "wandb\\run-20220129_035624-3hmwgcgw\\files\\config.yaml": 1643426465.6088357,
    "dnnlib\\util.py": 1640773190.0,
    "dnnlib\\__init__.py": 1640773190.0,
    "components\\Generator_ori.py": 1644229508.0031855,
    "losses\\cos.py": 1644229583.4023254,
    "data_tools\\data_loader_VGGFace2HQ_multigpu1.py": 1644297868.397411
}